{
    "hyperparameters": {
        "upto_week": 5,
        "num_classes": 2,
        "paper_baseline": true,
        "batch_size": 256,
        "epochs": 80,
        "with_static": true,
        "latent_d": 64,
        "num_heads": 2,
        "dropout": 0.1
    },
    "validation_metrics": {
        "loss": 0.5371303558349609,
        "accuracy": 0.7388198971748352,
        "balanced_accuracy": 0.6405504948736309,
        "auc_ovr": 0.737435029910758
    }
}